{"stats":{"minecraft:custom":{"minecraft:inspect_dropper":18,"minecraft:mob_kills":4,"minecraft:inspect_hopper":19,"minecraft:interact_with_crafting_table":1,"minecraft:play_one_minute":792042,"minecraft:leave_game":11,"minecraft:time_since_death":36185,"minecraft:time_since_rest":36219,"minecraft:sprint_one_cm":257025,"minecraft:damage_taken":6936,"minecraft:walk_one_cm":794933,"minecraft:trigger_trapped_chest":27,"minecraft:drop":72,"minecraft:damage_dealt":60,"minecraft:fly_one_cm":711731,"minecraft:open_chest":53,"minecraft:crouch_one_cm":12601,"minecraft:deaths":17,"minecraft:sneak_time":10063,"minecraft:aviate_one_cm":1863317,"minecraft:jump":1944,"minecraft:fall_one_cm":75716},"minecraft:killed":{"minecraft:bat":4},"minecraft:picked_up":{"minecraft:barrier":2,"minecraft:sandstone_slab":3,"minecraft:iron_door":3,"minecraft:repeater":7,"minecraft:iron_trapdoor":4,"minecraft:tripwire_hook":5,"minecraft:birch_button":1,"minecraft:stone_brick_stairs":2,"minecraft:cobblestone_stairs":3,"minecraft:string":1,"minecraft:elytra":3,"minecraft:acacia_door":1,"minecraft:birch_pressure_plate":1,"minecraft:sticky_piston":1,"minecraft:redstone_torch":21,"minecraft:cobblestone_slab":5,"minecraft:sandstone":4,"minecraft:daylight_detector":1,"minecraft:torch":63,"minecraft:villager_spawn_egg":1,"minecraft:stone_button":1,"minecraft:redstone":236,"minecraft:stone_pressure_plate":7,"minecraft:firework_rocket":60,"minecraft:lever":6,"minecraft:light_gray_carpet":2,"minecraft:obsidian":2,"minecraft:cobblestone":5,"minecraft:ender_pearl":71},"minecraft:dropped":{"minecraft:daylight_detector":2,"minecraft:lever":2,"minecraft:ender_pearl":48,"minecraft:obsidian":2,"minecraft:sandstone_slab":3,"minecraft:barrier":1,"minecraft:cobblestone":1,"minecraft:villager_spawn_egg":1,"minecraft:command_block":1,"minecraft:cobblestone_stairs":1,"minecraft:cobblestone_slab":2,"minecraft:iron_door":1,"minecraft:redstone_torch":1,"minecraft:slime_ball":1,"minecraft:sandstone":1,"minecraft:acacia_door":1,"minecraft:stone_brick_stairs":2,"minecraft:redstone":4},"minecraft:used":{"minecraft:iron_bars":200,"minecraft:writable_book":3,"minecraft:cobblestone_stairs":166,"minecraft:sandstone_stairs":1,"minecraft:dropper":16,"minecraft:redstone":503,"minecraft:light_gray_carpet":20,"minecraft:ender_pearl":78,"minecraft:chest":7,"minecraft:sandstone":534,"minecraft:redstone_block":11,"minecraft:cobblestone_slab":37,"minecraft:torch":159,"minecraft:mossy_cobblestone":1,"minecraft:birch_pressure_plate":1,"minecraft:sand":6,"minecraft:comparator":7,"minecraft:crafting_table":1,"minecraft:hopper":17,"minecraft:snowball":17,"minecraft:obsidian":227,"minecraft:redstone_torch":61,"minecraft:sticky_piston":77,"minecraft:piston":47,"minecraft:lever":60,"minecraft:firework_rocket":20,"minecraft:daylight_detector":5,"minecraft:villager_spawn_egg":2,"minecraft:acacia_door":3,"minecraft:command_block":1,"minecraft:heavy_weighted_pressure_plate":10,"minecraft:iron_block":37,"minecraft:string":25,"minecraft:barrier":465,"minecraft:slime_block":25,"minecraft:stone_button":14,"minecraft:spruce_trapdoor":5,"minecraft:iron_door":26,"minecraft:gravel":1,"minecraft:stone_brick_stairs":39,"minecraft:birch_button":3,"minecraft:tripwire_hook":15,"minecraft:diamond_sword":1,"minecraft:repeater":81,"minecraft:cobblestone":4417,"minecraft:bow":3,"minecraft:iron_trapdoor":25,"minecraft:sandstone_slab":10,"minecraft:infested_cobblestone":490,"minecraft:trapped_chest":4,"minecraft:stone_pressure_plate":27,"minecraft:observer":16,"minecraft:turtle_egg":1}},"DataVersion":1631}